id,ReceiptNo,DOP,ClassRegisterID,Admission,Tuition,Transport,Uniform,Lunch,Exams,BookLvy,Activity,OtheLvy
4,6596,14/10/2020,35,0,3000,3300,700,1800,100,200,100,0
2,6597,14/10/2020,37,0,2000,0,0,600,100,200,100,0
1,6598,19/10/2020,41,0,1900,900,0,0,0,200,0,0
3,6599,19/10/2020,33,0,400,0,0,600,0,0,0,0
5,6600,19/10/2020,43,0,1650,0,0,0,0,0,0,0
6,6602,19/10/2020,36,0,1700,0,0,0,0,0,0,0
7,6603,19/10/2020,28,0,1800,0,0,0,0,200,0,0
8,6604,21/10/2020,42,0,1000,0,0,0,0,0,0,0
9,6605,21/10/2020,34,0,1000,0,0,0,0,0,0,0
10,6606,22/10/2020,30,0,1400,900,0,600,300,200,100,0
11,6607,26/10/2020,43,0,3000,0,0,0,0,0,0,0
12,6608,26/10/2020,36,0,1000,0,0,0,0,0,0,0
13,6609,26/10/2020,58,0,900,0,0,0,300,200,100,0
14,6610,26/10/2020,38,0,0,0,0,600,300,0,100,0
15,6611,26/10/2020,44,0,2000,0,0,0,0,0,0,0
16,6612,27/10/2020,31,0,1000,0,0,0,0,0,0,0
17,6613,27/10/2020,32,0,1000,0,0,0,0,0,0,0
18,6614,28/10/2020,40,0,400,0,0,0,300,200,100,0
19,6615,04/11/2020,36,0,400,600,0,0,0,0,0,0
21,6616,04/11/2020,32,0,900,600,0,0,0,0,0,0
22,6617,04/11/2020,31,0,900,600,0,0,0,0,0,0
23,6618,05/11/2020,34,0,2600,1600,0,1200,300,200,100,0
24,6619,06/11/2020,29,0,400,0,0,0,300,200,100,0
25,6620,09/11/2020,43,0,2000,0,0,0,0,0,0,0
26,6621,09/11/2020,42,0,400,0,0,0,300,200,100,0
27,6622,10/11/2020,39,0,2000,700,0,1200,300,200,100,0
28,6623,11/11/2020,33,0,400,0,0,0,300,200,100,0
29,6624,13/11/2020,40,0,2000,0,0,0,0,0,0,0
30,6625,16/11/2020,36,0,0,500,0,0,300,200,0,0
31,6626,16/11/2020,38,0,2800,0,0,1200,0,200,0,0
32,6627,16/11/2020,44,0,1450,1350,0,600,300,200,100,0
33,6628,16/11/2020,28,0,600,1800,0,1200,300,0,100,0
35,6630,23/11/2020,36,0,300,0,0,600,0,0,100,0
36,6631,23/11/2020,31,0,0,300,0,100,300,200,100,0
37,6632,23/11/2020,32,0,0,300,0,100,300,200,100,0
38,6633,23/11/2020,58,0,1000,0,0,0,0,0,0,0
39,6634,30/11/2020,43,0,300,500,0,600,300,200,100,0
40,6635,30/11/2020,37,0,200,0,0,600,200,0,0,0
41,6636,30/11/2020,42,0,800,0,0,0,0,0,0,0
42,6637,01/12/2020,29,0,1000,0,0,0,0,0,0,0
43,6638,01/12/2020,30,0,1200,900,0,600,0,0,0,0
44,6639,01/12/2020,28,0,1500,900,0,600,0,0,0,0
45,6640,03/12/2020,33,0,600,0,0,400,0,0,0,0
46,6641,07/12/2020,36,0,1000,0,0,0,0,0,0,0
47,6643,07/12/2020,40,0,600,0,0,0,0,0,0,0
48,6644,09/12/2020,34,0,1900,800,700,600,0,0,0,0
49,6645,14/12/2020,36,0,0,1000,0,0,0,0,0,0
50,6646,14/12/2020,58,0,1100,0,0,0,0,0,0,0
51,6647,14/12/2020,41,0,1500,900,0,600,0,0,0,0
52,6648,14/12/2020,37,0,400,0,0,600,0,0,0,0
53,6649,14/12/2020,30,0,0,900,0,100,0,0,0,0
54,6650,15/12/2020,33,0,200,0,0,800,0,0,0,0
55,6651,15/12/2020,34,0,100,0,0,0,0,0,0,0
56,6652,16/12/2020,43,0,900,500,0,600,0,0,0,0
34,6629,17/12/2020,41,0,500,900,0,1200,300,0,100,0
57,6653,17/12/2020,41,0,1000,0,0,0,0,0,0,0
58,6654,18/12/2020,32,0,1500,1800,0,1700,0,0,0,0
59,6655,18/12/2020,31,0,1500,1800,0,1700,0,0,0,0
606,6657,28/12/2020,152,0,1400,700,700,0,200,200,0,0
607,6658,30/12/2020,74,0,900,0,0,0,0,0,0,0
605,6659,30/12/2020,67,0,3100,800,0,600,0,0,100,0
604,6660,30/12/2020,80,0,500,800,0,600,0,0,100,0
599,6663,30/12/2020,201,500,8100,2000,4400,1800,600,600,300,300
122,6718,01/01/2021,217,0,0,0,2400,0,0,0,0,0
60,6664,02/01/2021,313,0,0,0,500,0,0,0,0,0
600,6665,02/01/2021,162,0,0,0,0,0,300,200,100,0
601,6666,03/01/2021,241,0,3300,0,0,0,200,200,100,0
322,5802,04/01/2021,293,500,0,0,0,0,0,0,0,0
61,6667,04/01/2021,148,0,700,900,0,900,200,200,100,0
62,6668,04/01/2021,124,0,500,0,0,0,0,0,0,0
63,6669,04/01/2021,238,0,1400,0,700,0,0,0,0,0
64,6670,04/01/2021,243,0,0,0,0,0,200,200,100,0
65,6671,04/01/2021,88,0,1000,0,0,0,0,0,0,0
66,6672,04/01/2021,316,500,200,500,2400,900,0,0,0,300
67,6673,04/01/2021,315,500,2100,3300,2100,1800,200,200,100,300
68,6674,04/01/2021,280,0,2100,800,0,600,200,200,100,0
69,6675,04/01/2021,176,0,0,0,850,0,0,0,0,0
70,6676,04/01/2021,121,0,900,1100,0,600,200,200,100,0
71,6677,04/01/2021,206,0,900,1100,0,600,200,200,100,0
72,6678,04/01/2021,70,0,3200,0,800,0,0,0,0,0
73,6679,04/01/2021,235,0,0,0,400,0,0,0,0,0
74,6680,04/01/2021,151,0,800,1100,0,600,200,200,100,0
75,6681,04/01/2021,267,0,2100,2100,0,1800,200,200,100,50
79,6682,04/01/2021,142,0,2700,2100,0,1800,200,200,100,50
80,6683,04/01/2021,70,0,0,0,700,0,0,0,0,0
81,6684,04/01/2021,217,0,2400,1300,0,600,200,200,100,0
82,6685,04/01/2021,81,0,3300,1300,0,600,200,200,100,0
83,6686,04/01/2021,156,0,900,0,0,0,200,200,0,0
84,6687,04/01/2021,171,0,2400,900,0,600,200,200,100,0
85,6688,04/01/2021,262,0,1650,900,0,600,200,200,100,0
86,6689,04/01/2021,101,0,1000,0,0,0,0,0,0,0
87,6690,04/01/2021,160,0,1000,0,0,0,0,0,0,0
88,6691,04/01/2021,120,0,500,0,0,0,200,200,100,0
89,6692,04/01/2021,218,0,2000,900,0,600,200,200,100,0
90,6693,04/01/2021,140,0,2000,900,0,600,200,200,100,0
91,6694,04/01/2021,235,0,2000,0,0,0,0,0,0,0
92,6695,04/01/2021,155,0,2000,0,0,0,0,0,0,0
93,6696,04/01/2021,250,0,400,3300,0,1800,200,200,100,0
94,6697,04/01/2021,221,0,300,0,0,0,200,200,100,0
95,6698,04/01/2021,314,500,2100,3000,0,0,200,200,100,0
96,6700,04/01/2021,318,500,300,0,700,0,0,0,0,0
138,6702,04/01/2021,321,500,0,0,1400,100,200,200,100,0
121,6719,04/01/2021,237,0,2000,0,0,0,0,0,0,0
223,6842,04/01/2021,221,0,300,0,700,0,0,0,0,0
139,6701,05/01/2021,195,0,900,0,0,0,0,0,100,0
137,6703,05/01/2021,317,500,0,0,1400,0,0,0,100,0
136,6704,05/01/2021,323,500,2100,700,1400,600,200,200,100,100
135,6705,05/01/2021,325,500,0,0,500,0,0,0,0,0
134,6706,05/01/2021,330,500,0,0,3250,0,0,200,0,50
133,6707,05/01/2021,328,500,150,700,3500,600,200,200,100,0
132,6708,05/01/2021,194,0,0,900,0,600,200,200,100,0
131,6709,05/01/2021,266,0,1500,0,0,0,0,0,0,0
130,6710,05/01/2021,329,500,2100,900,2250,600,200,200,100,50
129,6711,05/01/2021,329,0,0,400,0,600,0,0,0,0
128,6712,05/01/2021,324,500,0,0,1500,0,0,0,0,0
127,6713,05/01/2021,326,500,0,0,1500,0,0,0,0,0
126,6714,05/01/2021,98,0,1800,1100,0,600,200,200,100,0
125,6715,05/01/2021,196,0,1800,1100,0,600,200,200,100,0
124,6716,05/01/2021,96,0,1500,0,0,0,0,0,0,0
123,6717,05/01/2021,157,0,2000,0,0,0,0,0,0,0
120,6720,05/01/2021,308,0,1500,0,0,0,0,0,0,0
597,6721,05/01/2021,379,0,2100,2100,0,1800,200,200,100,0
118,6722,05/01/2021,92,0,2700,2100,0,1800,200,200,100,0
117,6723,05/01/2021,248,0,1100,1300,0,600,200,200,100,0
116,6724,05/01/2021,268,0,1100,1300,0,600,200,200,100,0
115,6725,05/01/2021,333,500,0,700,700,600,200,200,100,0
114,6726,05/01/2021,331,500,0,700,700,600,200,200,100,100
113,6727,05/01/2021,304,0,2100,700,0,600,200,200,100,0
111,6729,05/01/2021,202,0,1200,0,0,0,0,0,0,0
156,6761,05/01/2021,327,500,2100,1100,1450,600,0,0,0,50
191,6808,05/01/2021,109,0,700,0,0,0,200,200,100,0
192,6809,05/01/2021,271,0,300,0,0,0,200,200,100,0
236,6856,05/01/2021,83,0,900,0,0,600,600,200,100,0
112,6728,06/01/2021,202,0,800,2700,0,1800,200,200,100,0
110,6730,06/01/2021,310,0,1200,0,0,0,200,200,100,0
109,6731,06/01/2021,291,0,1500,0,0,0,0,0,0,0
108,6732,06/01/2021,125,0,0,0,700,0,0,0,0,0
107,6733,06/01/2021,247,0,0,0,700,0,0,0,0,0
106,6734,06/01/2021,300,0,0,0,700,0,0,0,0,0
105,6735,06/01/2021,59,0,2000,0,0,0,0,0,0,0
104,6736,06/01/2021,252,0,1500,0,0,0,200,200,100,0
103,6738,06/01/2021,133,0,850,0,0,0,0,0,0,0
102,6739,06/01/2021,295,0,150,0,0,0,0,0,0,0
101,6740,06/01/2021,167,0,1500,0,0,0,0,0,0,0
99,6742,06/01/2021,332,500,2100,600,1400,600,200,200,100,100
596,6743,06/01/2021,33,0,750,0,0,0,0,0,0,0
97,6744,06/01/2021,336,500,50,1100,0,600,200,200,100,250
140,6745,06/01/2021,322,500,1050,700,0,0,200,200,100,250
147,6752,06/01/2021,309,0,3200,0,0,0,0,0,0,50
148,6753,06/01/2021,242,0,3200,0,0,0,0,0,0,0
150,6755,06/01/2021,327,0,0,0,1350,250,0,0,0,0
151,6756,06/01/2021,188,0,500,900,0,600,200,200,100,0
152,6757,06/01/2021,276,0,2500,0,0,0,0,0,0,0
221,6840,06/01/2021,332,0,0,0,1600,0,0,0,0,0
237,6857,06/01/2021,134,0,900,0,0,600,200,200,100,0
451,7060,06/01/2021,276,0,400,0,0,0,0,0,0,0
452,7061,06/01/2021,188,0,400,0,0,0,0,0,0,0
141,6746,07/01/2021,228,0,0,0,0,0,0,0,0,100
142,6747,07/01/2021,84,0,2700,0,0,1800,200,200,100,0
143,6748,07/01/2021,316,0,0,600,0,900,200,200,100,0
144,6749,07/01/2021,325,0,0,0,600,0,0,0,0,0
145,6750,07/01/2021,294,0,500,0,0,600,200,200,100,0
146,6751,07/01/2021,119,0,1500,0,0,0,0,0,0,0
153,6758,07/01/2021,169,0,0,0,400,0,0,0,0,0
154,6759,07/01/2021,259,0,2700,700,0,600,200,200,100,0
155,6760,07/01/2021,183,0,2000,0,0,0,200,200,100,0
157,6762,07/01/2021,212,0,700,700,0,600,200,200,100,0
158,6763,07/01/2021,87,0,1000,400,0,600,200,200,100,0
159,6764,07/01/2021,138,0,2700,1200,0,600,200,200,100,0
172,6765,08/01/2021,339,500,0,0,0,0,0,0,0,0
162,6766,08/01/2021,60,0,1900,0,0,600,200,200,100,0
163,6767,08/01/2021,295,0,0,0,400,0,0,0,0,0
164,6768,08/01/2021,176,0,2000,0,150,0,0,0,0,0
175,6769,08/01/2021,340,500,0,0,700,0,0,0,50,250
165,6770,08/01/2021,203,0,850,0,0,0,200,200,100,0
166,6771,08/01/2021,236,0,500,0,0,0,200,200,100,0
167,6773,08/01/2021,123,0,700,900,0,0,0,0,0,0
168,6774,08/01/2021,244,0,2500,900,0,600,200,200,100,0
169,6775,08/01/2021,63,0,3150,250,0,600,200,200,100,0
180,6777,08/01/2021,348,0,0,700,1400,600,0,0,100,200
231,6851,08/01/2021,213,0,0,500,0,0,0,200,200,100
232,6852,08/01/2021,185,0,0,500,0,0,0,200,200,100
233,6853,08/01/2021,69,0,0,500,0,0,0,200,200,100
179,6776,09/01/2021,296,0,0,900,0,600,0,0,0,0
181,6778,09/01/2021,349,500,600,0,700,0,200,200,100,300
182,6779,09/01/2021,290,0,2100,0,0,0,200,200,100,0
579,6781,11/01/2021,89,0,1500,0,0,0,200,200,100,0
580,6783,11/01/2021,66,0,2000,0,0,0,0,0,0,0
581,6784,11/01/2021,284,0,300,0,0,0,0,0,0,0
582,6785,11/01/2021,95,0,1000,0,0,0,200,200,100,0
583,6786,11/01/2021,186,0,2000,0,0,0,200,200,100,0
585,6788,11/01/2021,86,0,2000,0,0,0,200,200,100,0
586,6790,11/01/2021,300,0,0,0,0,0,0,200,100,0
587,6791,11/01/2021,247,0,0,0,0,0,0,200,100,0
588,6792,11/01/2021,257,0,0,0,1100,0,0,0,0,0
589,6793,11/01/2021,222,0,700,0,0,0,0,200,100,0
590,6795,11/01/2021,234,0,400,0,0,0,0,0,0,0
592,6797,11/01/2021,210,0,500,0,0,0,0,0,0,0
593,6798,11/01/2021,180,0,1200,0,0,0,0,200,100,0
594,6799,11/01/2021,304,0,0,0,1400,0,0,0,0,0
595,6800,11/01/2021,216,0,3350,2400,0,1800,200,200,100,1950
185,6801,11/01/2021,177,0,500,0,0,0,0,0,0,0
187,6802,11/01/2021,361,0,2900,0,0,0,0,0,0,0
186,6803,11/01/2021,353,500,0,0,700,0,200,200,100,300
188,6804,11/01/2021,175,0,4200,700,0,600,200,200,100,0
189,6805,11/01/2021,360,500,2100,2700,3300,1800,200,200,100,200
190,6806,11/01/2021,113,0,1000,0,0,0,0,0,0,0
193,6810,11/01/2021,174,0,700,2700,0,1800,200,200,100,0
177,6811,11/01/2021,346,500,1500,700,3300,600,200,200,100,50
194,6812,11/01/2021,252,0,0,200,0,0,0,0,0,0
195,6813,11/01/2021,258,0,2100,700,0,600,200,200,100,0
196,6814,11/01/2021,279,0,1700,200,0,600,200,200,100,0
197,6815,11/01/2021,268,0,200,2600,0,1200,0,0,0,0
198,6816,11/01/2021,132,0,800,0,0,0,0,200,0,0
199,6817,11/01/2021,227,0,1700,0,0,0,0,200,100,0
200,6819,11/01/2021,356,500,2700,1350,3000,600,200,200,100,300
201,6820,11/01/2021,355,500,2700,1350,3000,600,200,200,100,300
202,6821,11/01/2021,357,500,2100,1350,3000,600,200,200,100,300
203,6822,11/01/2021,325,0,0,0,250,0,0,0,0,0
204,6823,11/01/2021,96,0,400,700,0,600,200,200,100,0
205,6824,11/01/2021,269,0,3500,0,0,0,0,0,0,0
206,6825,11/01/2021,225,0,2400,1500,0,600,200,200,100,0
207,6826,11/01/2021,286,0,2500,1400,0,600,200,200,100,0
208,6827,11/01/2021,75,0,1500,0,0,0,0,0,0,0
209,6828,11/01/2021,71,0,1000,0,0,0,0,0,0,0
210,6829,11/01/2021,110,0,1500,0,0,0,0,0,0,0
215,6834,11/01/2021,164,0,1000,0,0,0,0,0,0,0
183,6780,12/01/2021,367,0,0,0,0,0,0,0,0,200
211,6830,12/01/2021,215,0,1000,0,0,0,0,0,0,0
212,6831,12/01/2021,295,0,350,0,0,0,0,0,0,0
213,6832,12/01/2021,133,0,0,0,400,0,0,0,0,0
214,6833,12/01/2021,96,0,300,0,0,0,0,0,0,0
216,6835,12/01/2021,164,0,1000,0,0,0,0,0,0,0
217,6836,12/01/2021,350,500,0,1400,0,0,0,0,0,100
218,6837,12/01/2021,352,500,0,0,1400,0,0,0,100,0
219,6838,12/01/2021,59,0,0,0,700,0,0,0,0,0
220,6839,12/01/2021,117,0,1300,100,0,600,200,200,100,0
363,6975,12/01/2021,137,0,2000,900,0,600,200,200,100,0
222,6841,13/01/2021,350,0,0,0,0,0,0,0,0,150
224,6843,13/01/2021,364,500,500,900,1400,600,200,200,100,300
323,6844,13/01/2021,362,500,0,0,1550,0,0,0,100,50
225,6845,13/01/2021,97,0,0,0,0,500,200,200,100,0
226,6846,13/01/2021,187,0,1000,0,0,0,0,0,0,0
227,6847,13/01/2021,340,0,0,0,0,0,0,200,50,0
228,6848,13/01/2021,248,0,800,1300,0,600,0,0,0,0
229,6849,13/01/2021,268,0,800,1300,0,600,0,0,0,0
230,6850,13/01/2021,287,0,2000,900,0,600,200,200,100,0
238,6858,13/01/2021,85,0,6700,700,0,600,200,200,100,0
234,6854,14/01/2021,365,0,0,0,0,0,200,200,100,0
235,6855,14/01/2021,184,0,300,0,0,0,200,200,100,0
239,6859,14/01/2021,362,0,0,350,0,600,0,0,0,50
240,6860,14/01/2021,169,0,1000,0,0,0,200,200,100,0
241,6861,14/01/2021,282,0,1500,0,0,0,0,0,0,0
609,6862,14/01/2021,367,500,0,0,0,0,0,0,0,0
243,6863,14/01/2021,350,0,0,0,0,0,0,0,0,50
246,6866,14/01/2021,194,0,1000,0,0,0,0,0,0,0
251,6871,14/01/2021,305,0,500,1100,0,600,200,200,100,0
252,6872,14/01/2021,367,0,0,0,250,0,0,0,0,100
255,6873,14/01/2021,367,0,0,0,250,0,0,0,0,100
256,6874,14/01/2021,87,0,0,0,1600,0,0,0,0,0
257,6875,14/01/2021,362,0,2100,350,0,150,200,200,0,0
258,6876,14/01/2021,281,0,450,0,0,0,0,0,0,0
259,6878,14/01/2021,139,0,450,0,0,0,0,0,0,0
244,6864,15/01/2021,255,0,0,0,0,0,0,200,200,100
245,6865,15/01/2021,149,0,500,0,0,0,200,200,100,0
247,6867,15/01/2021,181,0,900,0,1600,0,200,200,100,0
248,6868,15/01/2021,106,0,1000,0,0,0,0,0,0,0
249,6869,15/01/2021,288,0,1000,0,0,0,0,0,0,0
250,6870,15/01/2021,205,0,1000,0,0,0,0,0,0,0
315,6928,15/01/2021,154,0,0,0,0,300,200,200,100,0
316,6929,15/01/2021,367,0,0,0,0,400,0,0,0,0
565,7178,15/01/2021,103,0,2700,1400,0,600,0,0,0,0
610,6877,18/01/2021,374,0,500,250,0,700,0,200,200,150
260,6879,18/01/2021,373,500,0,350,1550,600,0,0,0,0
261,6880,18/01/2021,300,0,0,0,0,0,200,0,0,0
262,6881,18/01/2021,247,0,0,0,0,0,200,0,0,0
263,6882,18/01/2021,234,0,200,0,0,0,0,0,0,0
264,6883,18/01/2021,257,0,500,0,500,0,0,0,0,0
277,6884,18/01/2021,118,0,2600,1300,0,600,200,200,100,0
265,6885,18/01/2021,284,0,0,0,0,0,200,0,0,0
266,6886,18/01/2021,130,0,1000,0,0,0,0,0,0,0
267,6887,18/01/2021,177,0,1000,0,0,0,0,0,0,0
268,6888,18/01/2021,176,0,1000,0,0,0,0,0,0,0
269,6889,18/01/2021,200,0,200,0,0,0,0,0,0,0
273,6890,18/01/2021,66,0,900,0,0,0,0,0,100,0
274,6892,18/01/2021,71,0,1500,0,0,0,200,100,100,0
611,6893,18/01/2021,389,500,0,700,0,300,0,0,0,0
612,6894,18/01/2021,388,500,0,700,0,300,0,0,0,0
281,6895,18/01/2021,100,0,850,0,0,0,0,50,100,0
282,6896,18/01/2021,179,0,1250,250,0,0,200,200,100,0
283,6897,18/01/2021,266,0,700,0,0,0,0,200,100,0
284,6898,18/01/2021,143,0,1000,0,0,0,0,0,0,0
285,6899,18/01/2021,131,0,0,0,200,0,0,0,0,0
286,6900,18/01/2021,129,0,0,0,200,0,0,0,0,0
287,6901,18/01/2021,65,0,3950,0,0,0,0,0,50,0
288,6902,18/01/2021,362,0,0,250,0,450,0,0,0,0
289,6903,18/01/2021,254,0,2000,0,0,0,0,0,0,0
290,6904,18/01/2021,74,0,0,900,0,600,200,200,100,0
291,6905,18/01/2021,172,0,0,900,0,600,200,200,100,0
292,6906,18/01/2021,224,0,500,0,0,0,0,0,0,0
293,6907,18/01/2021,178,0,0,0,0,0,0,200,0,0
294,6908,18/01/2021,350,0,500,0,0,0,200,200,100,0
295,6909,19/01/2021,352,0,500,0,0,0,200,200,100,0
296,6910,19/01/2021,288,0,800,0,0,0,0,200,0,0
297,6911,19/01/2021,205,0,1000,0,0,0,0,0,0,0
298,6912,19/01/2021,200,0,300,0,0,0,0,0,0,0
299,6913,19/01/2021,175,0,0,900,0,600,0,0,0,0
300,6914,19/01/2021,117,0,0,0,400,0,0,0,0,0
301,6915,19/01/2021,323,0,0,0,700,0,0,0,0,0
302,6916,19/01/2021,181,0,1800,0,0,0,0,0,0,0
303,6917,19/01/2021,125,0,2700,700,0,400,0,0,0,0
613,6918,19/01/2021,388,0,0,0,700,0,0,0,0,0
614,6919,19/01/2021,389,0,0,0,700,0,0,0,0,0
317,6930,19/01/2021,77,0,1500,0,0,0,0,0,100,0
318,6931,19/01/2021,78,0,1500,0,0,0,0,0,100,0
319,6932,19/01/2021,165,0,1800,0,0,0,0,0,0,0
373,6985,19/01/2021,173,0,2000,900,0,600,200,200,100,0
307,6920,20/01/2021,240,0,500,0,0,0,0,0,0,0
308,6921,20/01/2021,353,0,0,0,650,0,0,0,0,0
309,6922,20/01/2021,219,0,2000,0,700,0,0,0,0,0
310,6923,20/01/2021,131,0,0,0,200,0,0,0,0,0
311,6924,20/01/2021,375,500,0,0,700,0,0,0,0,0
312,6925,20/01/2021,376,500,750,600,2100,300,200,200,100,250
313,6926,20/01/2021,377,500,750,600,2100,300,200,200,100,250
314,6927,20/01/2021,223,0,2050,350,0,600,200,200,100,0
320,6933,20/01/2021,129,0,0,0,200,0,0,0,0,0
321,6934,20/01/2021,176,0,0,0,400,0,0,0,0,0
324,6935,20/01/2021,367,0,0,0,300,0,0,0,0,0
325,6936,20/01/2021,162,0,1500,0,0,0,0,0,0,0
326,6937,20/01/2021,239,0,1000,900,0,600,200,200,100,0
591,6796,21/01/2021,354,500,0,0,1400,0,0,0,0,0
327,6938,21/01/2021,374,0,0,0,150,0,0,0,0,0
328,6939,21/01/2021,200,0,0,0,0,0,200,200,100,0
329,6940,21/01/2021,234,0,200,0,0,0,0,0,0,0
330,6941,21/01/2021,132,0,700,0,0,600,200,0,100,0
331,6942,21/01/2021,324,0,200,0,50,0,200,200,150,0
332,6943,21/01/2021,326,0,0,0,50,0,200,200,350,0
333,6944,22/01/2021,325,0,0,0,50,0,0,200,0,250
334,6945,22/01/2021,297,0,1500,0,0,0,200,200,100,0
335,6946,22/01/2021,297,0,0,0,700,0,0,0,0,0
336,6947,22/01/2021,66,0,0,0,0,600,200,200,0,0
337,6948,22/01/2021,253,0,0,400,0,600,0,0,0,0
338,6949,22/01/2021,199,0,1000,0,0,0,0,0,0,0
388,6997,22/01/2021,366,500,0,0,450,0,0,0,0,0
339,6950,25/01/2021,236,0,500,0,0,0,0,0,0,0
340,6951,25/01/2021,257,0,500,0,0,0,200,200,100,0
341,6952,25/01/2021,284,0,0,0,0,0,0,200,100,0
342,6953,25/01/2021,296,0,1400,0,0,0,200,200,100,0
343,6954,25/01/2021,339,0,350,0,700,0,200,200,150,0
344,6955,25/01/2021,228,0,500,0,0,0,200,200,100,0
345,6956,25/01/2021,380,500,0,700,1400,0,0,0,0,0
346,6957,25/01/2021,177,0,900,0,0,600,200,200,100,0
347,6958,25/01/2021,129,0,0,0,0,0,200,200,100,0
348,6959,25/01/2021,131,0,0,0,0,0,200,200,100,0
349,6960,25/01/2021,126,0,8100,700,700,700,200,200,100,0
350,6961,25/01/2021,343,0,2100,2700,0,1800,200,200,100,0
351,6962,25/01/2021,300,0,200,0,0,0,0,0,0,0
352,6963,25/01/2021,247,0,200,0,0,0,0,0,0,0
353,6964,25/01/2021,139,0,400,0,0,0,0,0,0,0
354,6965,25/01/2021,281,0,300,0,0,0,0,0,0,0
355,6966,25/01/2021,209,0,1000,0,0,0,0,0,0,0
356,6967,25/01/2021,92,0,0,0,0,500,200,200,100,0
357,6968,25/01/2021,184,0,600,0,0,0,0,0,0,0
358,6969,25/01/2021,288,0,0,100,0,600,200,0,100,0
359,6970,25/01/2021,205,0,700,0,0,300,0,0,0,0
360,6971,25/01/2021,375,0,0,0,0,0,0,200,100,200
361,6972,25/01/2021,90,0,1100,0,0,0,0,0,0,0
362,6973,25/01/2021,231,0,1100,0,0,0,0,0,0,0
364,6976,26/01/2021,137,0,2650,750,0,600,0,0,0,0
365,6977,26/01/2021,270,0,1100,200,0,600,0,0,0,100
366,6978,26/01/2021,102,0,500,0,0,0,200,200,100,0
367,6979,26/01/2021,116,0,500,0,0,0,200,200,100,0
368,6980,26/01/2021,381,500,0,0,1400,0,0,200,100,300
369,6981,26/01/2021,381,0,0,0,150,0,0,0,0,0
370,6982,26/01/2021,192,0,1500,0,0,0,0,0,0,0
371,6983,26/01/2021,224,0,200,0,0,0,0,0,0,0
372,6984,26/01/2021,178,0,0,0,0,0,0,0,100,0
374,6986,26/01/2021,341,0,0,0,0,0,200,200,100,0
375,6987,26/01/2021,224,0,100,0,0,0,0,0,0,0
379,6988,27/01/2021,382,500,700,700,2100,300,200,200,100,100
380,6989,27/01/2021,376,0,1350,0,0,650,0,0,0,0
381,6990,27/01/2021,377,0,1400,0,0,600,0,0,0,0
382,6991,27/01/2021,362,0,0,500,0,0,0,0,0,0
383,6992,27/01/2021,367,0,0,400,0,0,0,0,0,0
384,6993,28/01/2021,203,0,700,0,0,0,0,0,0,0
385,6994,29/01/2021,330,0,2100,1900,0,1200,200,0,100,0
386,6995,29/01/2021,311,0,350,0,0,0,0,0,100,0
387,6996,29/01/2021,114,0,117,0,0,0,200,200,100,0
389,6998,29/01/2021,214,0,17,0,0,0,200,200,100,0
390,6999,29/01/2021,289,0,17,0,0,0,200,200,100,0
391,7000,29/01/2021,129,0,117,0,0,0,0,0,0,0
392,7001,29/01/2021,72,0,0,0,0,0,200,0,0,0
393,7002,29/01/2021,62,0,0,0,0,0,200,0,0,0
394,7003,29/01/2021,106,0,0,0,0,0,200,0,0,0
395,7004,29/01/2021,115,0,0,0,0,0,200,0,0,0
396,7005,29/01/2021,158,0,0,0,0,0,200,0,0,0
397,7006,29/01/2021,146,0,0,0,0,0,200,0,0,0
398,7007,29/01/2021,163,0,0,0,0,0,0,200,0,0
399,7008,29/01/2021,301,0,0,0,0,0,200,0,0,0
400,7009,29/01/2021,145,0,0,0,0,0,200,0,0,0
401,7010,29/01/2021,64,0,0,0,0,0,200,0,0,0
402,7011,29/01/2021,182,0,838,0,0,0,0,0,0,0
403,7012,29/01/2021,320,0,837,0,0,0,0,0,0,0
404,7013,29/01/2021,131,0,117,0,0,0,0,0,0,0
405,7014,29/01/2021,334,0,0,0,633,0,0,0,0,0
406,7015,29/01/2021,335,0,0,0,700,0,0,0,34,100
407,7016,29/01/2021,226,0,17,0,0,0,200,200,100,0
408,7017,29/01/2021,207,0,16,0,0,0,200,200,100,0
409,7018,29/01/2021,147,0,0,367,0,0,200,200,100,0
410,7019,29/01/2021,383,0,0,266,0,0,200,200,100,0
435,7044,29/01/2021,81,0,0,1300,0,600,0,0,0,0
436,7045,29/01/2021,217,0,0,1300,0,600,0,0,0,0
598,6661,30/01/2021,172,0,300,0,0,0,0,0,0,550
411,7020,30/01/2021,386,500,1700,0,1400,600,300,200,100,300
437,7046,31/01/2021,201,0,0,2000,0,0,0,0,0,0
412,7021,01/02/2021,284,0,200,0,0,0,0,0,0,0
413,7022,01/02/2021,177,0,550,0,0,600,0,0,0,0
414,7023,01/02/2021,240,0,300,0,0,0,0,0,0,0
415,7024,01/02/2021,387,500,2100,700,3000,0,200,200,100,100
416,7025,01/02/2021,386,0,700,0,0,0,0,0,0,0
417,7026,01/02/2021,380,0,0,0,150,0,0,0,0,0
418,7027,01/02/2021,130,0,500,0,0,0,0,0,0,0
419,7028,01/02/2021,375,0,300,0,0,0,0,0,0,0
420,7029,01/02/2021,300,0,200,0,0,0,0,0,0,0
421,7030,01/02/2021,247,0,200,0,0,0,0,0,0,0
422,7031,01/02/2021,101,0,800,0,0,0,0,0,0,0
423,7032,01/02/2021,160,0,700,0,0,0,0,0,0,0
425,7034,01/02/2021,281,0,2000,0,0,0,0,0,0,0
426,7035,01/02/2021,139,0,1000,0,0,0,0,0,0,0
427,7036,01/02/2021,209,0,500,0,0,0,0,0,0,0
428,7037,01/02/2021,322,0,0,800,0,0,0,0,0,0
429,7038,01/02/2021,318,0,400,0,0,0,0,0,100,0
430,7039,01/02/2021,354,0,800,700,0,0,200,0,100,50
431,7040,01/02/2021,227,0,300,900,0,600,200,0,0,0
432,7041,01/02/2021,266,0,0,200,0,600,200,0,0,0
433,7042,01/02/2021,192,0,1900,0,0,0,0,0,100,0
434,7043,01/02/2021,254,0,300,100,0,600,200,200,100,0
438,7047,01/02/2021,150,0,2700,0,2300,1800,200,200,100,0
439,7048,01/02/2021,219,0,100,400,0,0,200,200,100,0
440,7049,01/02/2021,157,0,1750,0,0,0,0,200,50,0
454,7064,01/02/2021,261,0,2000,0,0,0,0,0,0,0
469,7080,01/02/2021,262,0,0,1800,0,750,200,200,50,0
616,7081,01/02/2021,390,0,0,400,0,600,200,200,100,0
441,7050,02/02/2021,350,0,450,0,0,0,0,0,50,0
442,7051,02/02/2021,352,0,500,0,0,0,0,0,0,0
443,7052,02/02/2021,121,0,800,1100,0,600,0,0,0,0
444,7053,02/02/2021,206,0,800,1100,0,600,0,0,0,0
445,7054,02/02/2021,272,0,1500,0,0,0,0,0,0,0
446,7055,02/02/2021,233,0,1500,0,0,0,0,0,0,0
447,7056,02/02/2021,109,0,1000,0,0,0,0,0,0,0
448,7057,02/02/2021,271,0,1000,0,0,0,0,0,0,0
449,7058,02/02/2021,385,200,0,0,0,0,0,0,0,0
450,7059,02/02/2021,384,500,0,0,0,0,0,0,0,0
468,7079,02/02/2021,331,0,1000,0,1600,600,0,0,0,300
470,7082,02/02/2021,223,0,400,1000,0,600,0,0,0,0
471,7083,02/02/2021,173,0,700,1800,0,1200,0,0,0,0
453,7063,03/02/2021,231,0,1000,0,0,0,0,0,0,0
615,7065,03/02/2021,237,0,600,1300,0,600,200,200,100,0
455,7066,03/02/2021,280,0,0,900,0,600,0,0,0,0
456,7067,03/02/2021,160,0,700,0,0,0,0,0,100,0
457,7068,03/02/2021,101,0,800,0,0,0,0,0,0,0
458,7069,03/02/2021,120,0,1200,0,0,0,0,0,0,0
459,7070,03/02/2021,167,0,1000,700,0,600,200,200,100,0
460,7071,03/02/2021,353,0,700,0,50,0,0,0,0,0
461,7072,03/02/2021,323,0,600,800,0,600,0,0,0,0
464,7075,03/02/2021,113,0,500,0,0,0,200,200,100,0
465,7076,03/02/2021,75,0,1500,0,0,0,200,200,100,0
466,7077,03/02/2021,153,0,700,0,0,0,200,200,100,0
472,7084,03/02/2021,174,0,1300,0,700,0,0,0,0,0
473,7085,03/02/2021,210,0,400,0,0,0,0,200,100,0
474,7086,03/02/2021,156,0,2000,2200,1600,1200,0,0,0,0
475,7087,03/02/2021,189,0,500,900,0,600,200,200,100,0
476,7088,03/02/2021,275,0,500,900,0,600,200,200,100,0
477,7089,03/02/2021,90,0,1000,0,0,0,0,0,0,0
478,7090,03/02/2021,241,0,400,0,0,0,0,0,0,0
479,7091,03/02/2021,275,0,1000,900,0,600,0,0,0,0
480,7092,03/02/2021,189,0,1000,900,0,600,0,0,0,0
482,7094,04/02/2021,200,0,1000,0,0,0,0,0,0,0
483,7095,04/02/2021,215,0,250,0,0,0,0,0,0,0
484,7096,04/02/2021,176,0,700,0,0,0,0,0,0,0
485,7098,04/02/2021,238,0,700,300,0,0,200,200,100,0
486,7099,04/02/2021,222,0,300,0,0,0,200,0,0,0
488,7102,04/02/2021,324,0,1000,0,0,0,0,0,0,0
489,7103,04/02/2021,326,0,850,0,150,0,0,0,0,0
490,7104,04/02/2021,326,0,0,0,500,0,0,0,0,0
491,7105,04/02/2021,241,0,1400,0,0,0,0,0,0,0
492,7106,04/02/2021,162,0,1500,1800,0,1200,200,200,100,0
493,7107,04/02/2021,235,0,1000,500,0,500,200,200,100,0
494,7108,04/02/2021,155,0,1600,500,0,0,200,200,0,0
504,7117,04/02/2021,221,0,1000,0,0,0,0,0,0,0
528,7141,04/02/2021,259,0,1200,700,0,600,0,0,0,0
495,7101,05/02/2021,195,0,600,0,0,0,0,200,200,0
496,7109,05/02/2021,180,0,800,0,0,0,200,0,0,0
497,7110,05/02/2021,116,0,0,0,700,0,0,0,0,0
498,7111,05/02/2021,102,0,0,0,700,0,0,0,0,0
499,7112,05/02/2021,391,500,2100,900,3850,600,200,200,200,0
500,7113,05/02/2021,309,0,600,300,0,600,200,200,100,0
501,7114,05/02/2021,242,0,900,400,0,0,200,200,100,0
502,7115,05/02/2021,304,0,0,700,0,600,0,0,0,0
503,7116,05/02/2021,73,0,500,1800,0,1200,200,200,100,0
505,7118,05/02/2021,367,0,0,0,150,0,50,200,100,0
506,7119,05/02/2021,359,0,0,1800,0,1200,0,0,0,0
507,7120,05/02/2021,118,0,100,2600,0,1200,0,0,0,0
529,7142,05/02/2021,212,0,700,1200,0,600,0,0,0,0
530,7143,05/02/2021,87,0,500,1400,0,600,0,0,0,0
531,7144,05/02/2021,136,0,600,0,0,0,200,0,0,0
532,7145,05/02/2021,85,0,1500,700,0,600,0,0,0,0
533,7146,05/02/2021,63,0,450,1950,0,600,0,0,0,0
534,7147,05/02/2021,244,0,800,200,1400,600,0,0,0,0
575,7188,05/02/2021,103,0,0,900,0,1200,200,200,100,0
666,7241,06/02/2021,243,0,200,0,0,0,0,0,0,0
535,7148,07/02/2021,65,0,150,800,0,600,200,200,50,0
536,7149,07/02/2021,221,0,0,0,400,0,0,0,0,0
667,7242,07/02/2021,243,0,1000,0,0,0,0,0,0,0
508,7121,08/02/2021,339,0,1000,0,0,0,0,0,0,0
509,7122,08/02/2021,257,0,800,0,0,0,0,0,0,0
510,7123,08/02/2021,170,0,500,900,0,600,0,0,0,0
511,7124,08/02/2021,247,0,200,0,0,0,0,0,0,0
512,7125,08/02/2021,300,0,200,0,0,0,0,0,0,0
513,7126,08/02/2021,240,0,300,0,0,0,0,0,0,0
514,7127,08/02/2021,240,0,200,0,0,0,0,0,0,0
516,7129,08/02/2021,336,0,1700,700,0,600,0,0,0,0
517,7130,08/02/2021,325,0,0,0,0,0,100,0,100,0
518,7131,08/02/2021,294,0,400,0,0,600,0,0,0,0
519,7132,08/02/2021,148,0,2000,0,0,0,0,0,0,0
520,7133,08/02/2021,270,0,800,1200,0,600,200,200,0,0
521,7134,08/02/2021,328,0,100,400,0,0,0,0,0,0
522,7135,08/02/2021,152,0,800,700,0,0,0,0,100,0
523,7136,08/02/2021,354,0,0,0,150,0,0,0,0,0
524,7137,08/02/2021,272,0,1600,0,0,0,0,0,0,0
525,7138,08/02/2021,382,0,900,400,0,600,0,0,0,0
526,7139,08/02/2021,348,0,2200,700,0,600,200,200,0,0
527,7140,08/02/2021,348,0,0,0,500,0,0,0,0,0
537,7150,08/02/2021,124,0,750,0,0,0,0,0,0,0
539,7152,08/02/2021,313,0,0,0,1000,0,0,0,0,0
540,7153,08/02/2021,233,0,1500,0,0,0,0,0,0,0
541,7154,08/02/2021,178,0,200,0,0,0,0,0,0,0
542,7155,08/02/2021,224,0,1000,0,0,0,0,0,0,0
543,7156,08/02/2021,59,0,1300,0,0,200,200,200,100,0
544,7157,08/02/2021,316,0,1000,0,0,0,0,0,0,0
545,7158,08/02/2021,253,0,1000,1400,0,600,0,0,0,0
546,7159,08/02/2021,373,0,0,0,1600,0,0,200,100,100
547,7160,08/02/2021,340,0,0,0,0,0,200,0,0,0
549,7162,08/02/2021,119,0,1000,0,0,0,0,0,0,0
553,7166,08/02/2021,143,0,900,0,0,0,0,0,100,0
554,7167,08/02/2021,149,0,700,0,0,0,0,0,0,0
555,7168,08/02/2021,179,0,550,450,0,0,0,0,0,0
548,7161,09/02/2021,317,0,1100,0,0,0,200,200,0,0
550,7163,09/02/2021,110,0,1500,0,0,0,0,0,0,0
551,7164,09/02/2021,295,0,700,0,0,0,200,200,100,0
552,7165,09/02/2021,133,0,800,0,0,0,200,200,100,0
556,7169,09/02/2021,164,0,1750,0,0,0,0,200,50,0
557,7170,09/02/2021,137,0,0,400,0,600,0,0,0,0
558,7171,09/02/2021,288,0,100,800,0,600,0,0,0,0
559,7172,09/02/2021,205,0,0,700,0,300,200,200,100,0
560,7173,09/02/2021,287,0,500,0,900,600,0,0,0,0
561,7174,09/02/2021,279,0,700,700,0,600,0,0,0,0
562,7175,09/02/2021,70,0,1000,0,0,0,0,0,0,0
564,7177,09/02/2021,314,0,0,0,1600,0,0,0,0,0
566,7179,09/02/2021,234,0,200,0,0,0,0,0,0,0
627,7202,09/02/2021,393,0,700,0,0,0,0,0,0,0
567,7180,10/02/2021,175,0,0,400,0,600,0,0,0,0
568,7181,10/02/2021,97,0,300,0,0,700,0,0,0,0
569,7182,10/02/2021,187,0,900,0,0,0,0,0,100,0
570,7183,10/02/2021,325,0,100,0,0,0,100,0,0,0
571,7184,10/02/2021,67,0,1500,800,0,600,200,200,0,0
572,7185,10/02/2021,280,0,0,0,0,500,0,0,0,0
573,7186,10/02/2021,191,0,1000,0,0,0,0,0,0,0
574,7187,10/02/2021,99,0,700,0,0,0,0,200,100,0
576,7189,10/02/2021,80,0,1400,800,0,600,200,200,0,0
577,7190,10/02/2021,96,0,1200,700,0,600,0,0,0,0
578,7191,10/02/2021,151,0,1300,1100,0,600,0,0,0,0
617,7192,10/02/2021,380,0,500,0,0,0,200,200,100,0
623,7198,10/02/2021,254,0,0,400,0,600,0,0,0,0
624,7199,10/02/2021,60,0,1400,0,0,600,0,0,0,0
668,7243,10/02/2021,243,0,500,0,0,0,0,0,0,0
608,6807,11/02/2021,359,500,2100,900,4000,600,200,200,350,0
618,7193,11/02/2021,123,0,2700,1800,0,1800,200,200,200,0
619,7194,11/02/2021,124,0,1000,0,0,0,0,0,0,0
620,7195,11/02/2021,130,0,600,0,0,0,0,0,0,0
621,7196,11/02/2021,332,0,0,100,0,600,200,200,100,300
622,7197,11/02/2021,327,0,0,1050,0,350,0,0,100,0
634,7209,11/02/2021,140,0,400,1800,0,1200,0,0,0,0
635,7210,11/02/2021,218,0,100,1800,0,1200,0,0,0,0
636,7211,11/02/2021,134,0,400,0,0,600,0,0,0,0
637,7212,11/02/2021,83,0,400,0,0,600,0,0,0,0
638,7213,11/02/2021,367,0,0,0,0,350,150,0,0,0
669,7244,11/02/2021,243,0,500,0,0,0,0,0,0,0
625,7200,12/02/2021,184,0,500,0,0,0,0,0,0,0
626,7201,12/02/2021,88,0,500,0,0,0,0,0,0,0
628,7203,12/02/2021,94,0,800,0,0,0,0,0,0,0
629,7204,12/02/2021,364,0,2200,1600,0,1200,0,0,0,0
487,7100,14/02/2021,209,0,500,0,0,0,0,0,0,0
630,7205,15/02/2021,194,0,500,0,0,0,0,0,0,0
631,7206,15/02/2021,348,0,0,0,200,0,0,0,0,0
632,7207,15/02/2021,300,0,200,0,0,0,0,0,0,0
633,7208,15/02/2021,247,0,200,0,0,0,0,0,0,0
639,7214,15/02/2021,117,0,500,900,0,600,0,0,0,0
640,7215,15/02/2021,59,0,0,400,0,600,0,0,0,0
641,7216,15/02/2021,93,0,1300,0,0,0,0,0,0,0
642,7217,15/02/2021,296,0,0,900,0,200,0,0,0,0
643,7218,15/02/2021,326,0,0,0,200,0,0,0,0,0
644,7219,15/02/2021,324,0,0,0,700,0,0,0,0,0
645,7220,15/02/2021,286,0,1300,600,0,600,0,0,0,0
646,7221,15/02/2021,225,0,1200,700,0,600,0,0,0,0
647,7222,16/02/2021,381,0,100,0,0,0,200,0,0,0
648,7223,16/02/2021,215,0,300,0,0,0,0,0,0,0
649,7224,16/02/2021,252,0,100,1900,0,0,0,0,0,0
650,7225,16/02/2021,394,500,0,0,1400,0,0,0,0,100
651,7226,16/02/2021,199,0,1000,0,0,0,0,0,0,0
652,7227,16/02/2021,299,0,500,0,0,0,0,0,0,0
653,7228,16/02/2021,132,0,600,0,0,600,0,0,0,0
654,7229,16/02/2021,125,0,0,700,0,600,0,0,0,0
655,7230,16/02/2021,258,0,0,700,0,600,0,0,0,0
656,7231,16/02/2021,58,0,1000,0,0,0,0,0,0,0
657,7232,16/02/2021,261,0,200,0,0,300,200,200,100,0
658,7233,16/02/2021,362,0,0,0,0,500,0,0,0,0
659,7234,16/02/2021,395,500,2100,900,1400,600,200,200,100,0
660,7235,16/02/2021,102,0,950,0,0,0,0,0,0,50
661,7236,16/02/2021,116,0,950,0,0,0,0,0,0,50
662,7237,17/02/2021,194,0,1000,900,0,600,0,0,0,0
663,7238,17/02/2021,100,0,600,0,0,0,200,150,0,50
664,7239,17/02/2021,66,0,100,900,0,0,0,0,0,0
665,7240,17/02/2021,222,0,1000,0,0,0,0,0,0,0
670,7245,17/02/2021,231,0,2000,0,0,0,0,0,0,0
671,7246,17/02/2021,90,0,850,0,0,0,0,50,100,0
672,7247,17/02/2021,349,0,500,0,0,0,0,0,0,0
673,7248,17/02/2021,290,0,500,0,0,0,0,0,0,0
677,7249,18/02/2021,284,0,300,0,0,0,0,0,0,0
678,7250,18/02/2021,266,0,400,0,0,600,0,0,0,0
679,7251,18/02/2021,353,0,1000,0,0,0,0,0,0,0
680,7252,18/02/2021,276,0,900,1400,0,1200,200,200,100,0
681,7253,18/02/2021,188,0,2300,1100,0,600,0,0,0,0
710,7280,18/02/2021,254,0,1000,0,0,0,0,0,0,0
682,7254,19/02/2021,300,0,200,0,0,0,0,0,0,0
683,7255,19/02/2021,247,0,200,0,0,0,0,0,0,0
711,7281,19/02/2021,393,0,1200,0,0,0,0,0,0,0
712,7282,19/02/2021,94,0,1300,0,0,0,0,0,0,0
702,7272,20/02/2021,117,0,1200,800,0,0,0,0,0,0
703,7273,20/02/2021,250,0,1600,0,0,0,0,0,0,0
563,7176,21/02/2021,154,0,0,400,0,300,0,0,0,0
701,7271,21/02/2021,261,0,0,900,0,0,100,0,0,0
686,7256,22/02/2021,373,0,250,550,0,0,0,200,0,0
687,7257,22/02/2021,238,0,200,1100,0,1200,0,0,0,0
688,7258,22/02/2021,130,0,400,0,0,0,0,0,0,0
690,7260,22/02/2021,300,0,200,0,0,0,0,0,0,0
691,7261,22/02/2021,247,0,200,0,0,0,0,0,0,0
692,7262,22/02/2021,186,0,100,0,0,0,0,0,0,0
693,7263,22/02/2021,86,0,1100,0,0,0,0,0,0,0
694,7264,22/02/2021,210,0,0,0,0,0,200,0,0,0
695,7265,22/02/2021,395,0,0,0,150,0,0,0,0,0
696,7266,22/02/2021,398,500,0,0,0,0,0,0,0,0
697,7267,22/02/2021,228,0,1000,0,0,0,0,0,0,0
698,7268,22/02/2021,352,0,1000,0,0,0,0,0,0,0
699,7269,22/02/2021,313,0,750,600,0,200,200,100,0,100
700,7270,22/02/2021,350,0,1000,0,0,0,0,0,0,0
704,7274,22/02/2021,196,0,800,1100,0,600,0,0,0,0
705,7275,22/02/2021,99,0,800,1100,0,600,0,0,0,0
706,7276,22/02/2021,318,0,500,0,0,0,0,0,0,0
707,7277,22/02/2021,234,0,100,0,0,0,0,0,0,0
708,7278,22/02/2021,239,0,1100,1800,0,1200,0,0,0,0
709,7279,22/02/2021,386,0,1000,0,0,600,0,0,0,0
716,7283,23/02/2021,70,0,1000,900,0,600,200,200,100,0
717,7284,23/02/2021,90,0,0,0,350,0,0,0,0,0
718,7285,23/02/2021,210,0,400,0,0,0,0,0,0,0
719,7286,23/02/2021,154,0,2700,2300,0,1200,0,0,0,0
720,7287,23/02/2021,112,0,3600,250,0,600,200,200,50,0
721,7288,23/02/2021,127,0,3600,300,0,600,200,200,100,0
722,7289,23/02/2021,152,0,500,700,0,0,0,0,0,0
723,7290,23/02/2021,71,0,1000,0,0,0,0,0,0,0
729,7296,23/02/2021,346,0,600,800,0,600,0,0,0,0
730,7297,23/02/2021,367,0,0,150,0,350,0,0,0,0
724,7291,24/02/2021,236,0,500,0,0,0,0,0,0,0
725,7292,24/02/2021,284,0,200,0,0,0,0,0,0,0
726,7293,24/02/2021,90,0,0,0,50,0,0,0,0,0
727,7294,24/02/2021,382,0,500,0,0,0,0,0,0,0
728,7295,24/02/2021,348,0,500,0,0,0,0,0,0,0
731,7298,24/02/2021,398,0,0,0,500,0,0,0,0,0
734,7299,25/02/2021,215,0,300,0,0,0,0,0,0,0
735,7300,25/02/2021,146,0,300,0,400,0,50,0,100,50
736,7301,25/02/2021,197,0,400,0,150,0,0,0,100,0
737,7302,25/02/2021,138,0,0,2700,700,1200,0,0,0,0
738,7303,25/02/2021,296,0,700,900,0,400,0,0,0,0
739,7304,25/02/2021,340,0,100,0,0,0,0,0,0,0
740,7305,25/02/2021,281,0,500,0,0,0,200,200,100,0
741,7306,25/02/2021,139,0,950,0,0,0,0,0,50,0
742,7307,25/02/2021,232,0,1000,0,0,0,0,0,0,0
743,7308,25/02/2021,387,0,0,0,0,450,0,0,0,0
744,7309,26/02/2021,40,0,200,0,0,0,0,0,0,0
745,7310,26/02/2021,403,0,1100,0,0,0,0,0,0,0
746,7311,26/02/2021,186,0,200,0,0,0,0,0,0,0
747,7312,26/02/2021,362,0,0,0,1000,0,0,0,0,0
793,7357,26/02/2021,254,0,0,1200,0,0,0,0,0,0
794,7358,26/02/2021,261,0,800,0,0,200,0,0,0,0
797,7362,27/02/2021,217,0,0,900,0,600,0,0,0,0
798,7363,27/02/2021,81,0,0,900,0,600,0,0,0,0
799,7364,27/02/2021,74,0,2000,900,0,600,0,0,0,0
800,7365,27/02/2021,172,0,2300,600,0,600,0,0,0,0
748,7313,01/03/2021,407,0,500,0,0,0,0,0,0,0
749,7314,01/03/2021,282,0,500,0,0,0,200,200,100,0
750,7315,01/03/2021,381,0,550,0,0,0,0,0,0,0
751,7316,01/03/2021,300,0,200,0,0,0,0,0,0,0
752,7317,01/03/2021,247,0,200,0,0,0,0,0,0,0
753,7318,01/03/2021,236,0,800,0,0,0,0,0,0,0
754,7319,01/03/2021,179,0,300,700,0,0,0,0,0,0
755,7320,01/03/2021,243,0,400,100,0,0,0,0,0,0
756,7321,01/03/2021,375,0,250,0,0,0,0,0,0,0
757,7322,01/03/2021,169,0,1000,0,0,0,0,0,0,0
758,7323,01/03/2021,325,0,200,0,0,0,0,0,0,0
759,7324,01/03/2021,120,0,1000,0,0,0,0,0,0,0
760,7325,01/03/2021,88,0,500,0,0,0,0,0,0,0
761,7326,01/03/2021,234,0,200,0,0,0,0,0,0,0
762,7327,01/03/2021,215,0,300,0,0,0,0,0,0,0
763,7328,01/03/2021,269,0,200,0,0,300,200,200,100,0
764,7329,01/03/2021,227,0,500,900,0,600,0,0,0,0
767,7330,01/03/2021,66,0,400,0,0,600,0,0,0,0
768,7331,01/03/2021,408,500,800,700,3300,600,200,200,100,50
795,7359,01/03/2021,143,0,400,700,0,0,200,200,0,0
796,7361,01/03/2021,201,0,0,2000,0,0,0,0,0,0
801,7366,01/03/2021,94,0,2800,0,0,0,200,0,0,0
802,7367,01/03/2021,393,0,2000,0,0,0,0,0,0,0
769,7332,02/03/2021,376,0,0,0,0,550,0,0,0,0
770,7333,02/03/2021,377,0,550,0,0,600,0,0,0,0
771,7334,02/03/2021,209,0,1150,0,0,350,200,200,100,0
772,7335,02/03/2021,129,0,616,0,0,0,0,0,0,0
773,7336,02/03/2021,131,0,617,0,0,0,0,0,0,0
774,7338,02/03/2021,210,0,200,0,0,0,0,0,0,0
775,7339,02/03/2021,214,0,517,0,0,0,0,0,0,0
776,7340,02/03/2021,384,0,0,0,1500,0,0,0,0,0
777,7341,02/03/2021,385,0,0,0,1500,0,0,0,0,0
778,7342,02/03/2021,176,0,450,0,0,0,0,0,0,0
779,7343,02/03/2021,203,0,1150,0,0,0,0,0,0,0
780,7344,02/03/2021,121,0,1000,1100,0,600,0,0,0,0
781,7345,02/03/2021,206,0,400,1100,0,600,0,0,0,0
782,7346,02/03/2021,207,0,517,0,0,0,0,0,0,0
783,7347,02/03/2021,226,0,516,0,0,0,0,0,0,0
784,7348,02/03/2021,311,0,450,0,0,0,0,0,0,0
785,7349,02/03/2021,289,0,517,0,0,0,0,0,0,0
786,7350,02/03/2021,335,0,268,0,0,0,200,200,100,0
787,7351,02/03/2021,334,0,566,0,67,0,0,0,100,0
788,7352,02/03/2021,182,0,837,0,0,0,0,0,0,0
789,7353,02/03/2021,320,0,838,0,0,0,0,0,0,0
790,7354,02/03/2021,114,0,784,0,0,0,0,0,0,0
791,7355,02/03/2021,366,0,183,0,250,0,200,200,100,33
792,7356,02/03/2021,157,0,0,150,0,600,200,0,50,0
803,7368,02/03/2021,219,0,450,1000,0,0,0,0,50,0
808,7373,02/03/2021,227,0,1300,700,0,0,0,0,0,0
819,7384,02/03/2021,261,0,100,900,0,0,0,0,0,0
834,7399,02/03/2021,223,0,1050,1350,0,600,0,0,0,0
835,7400,02/03/2021,119,0,500,0,0,0,200,200,100,0
804,7369,03/03/2021,159,0,5000,0,0,0,0,0,0,0
805,7370,03/03/2021,107,0,5000,0,0,0,0,0,0,0
806,7371,03/03/2021,291,0,1500,0,0,0,0,0,0,0
807,7372,03/03/2021,321,0,300,0,0,1100,0,0,100,0
809,7374,03/03/2021,299,0,500,0,0,0,0,0,0,0
810,7375,03/03/2021,340,0,200,0,0,0,0,0,0,0
811,7376,03/03/2021,199,0,100,0,0,0,200,200,0,0
812,7377,03/03/2021,233,0,100,750,0,600,200,200,100,50
813,7378,03/03/2021,272,0,1500,0,0,0,200,200,100,0
814,7379,03/03/2021,354,0,1000,700,0,0,0,0,0,0
815,7380,03/03/2021,209,0,0,250,0,250,0,0,0,0
816,7381,03/03/2021,386,0,0,0,1400,0,0,0,0,0
817,7382,03/03/2021,73,0,2500,900,0,600,0,0,0,0
830,7395,03/03/2021,391,0,0,900,0,600,0,0,0,0
837,7402,03/03/2021,167,0,300,700,0,600,0,0,0,0
838,7403,03/03/2021,259,0,900,700,0,600,0,0,0,0
896,7466,03/03/2021,281,0,1000,0,0,0,0,0,0,0
897,7467,03/03/2021,139,0,550,0,0,0,200,200,50,0
818,7383,04/03/2021,284,0,500,0,0,0,0,0,0,0
820,7385,04/03/2021,101,0,0,0,0,500,200,200,100,0
821,7386,04/03/2021,160,0,0,0,0,600,200,200,0,0
822,7387,04/03/2021,209,0,450,0,0,0,0,0,0,0
823,7388,04/03/2021,327,0,0,1150,0,600,0,0,0,0
824,7389,04/03/2021,332,0,0,1050,0,600,0,0,0,0
825,7390,04/03/2021,109,0,1000,0,0,0,0,0,0,0
826,7391,04/03/2021,271,0,800,0,0,0,0,0,0,0
827,7392,04/03/2021,362,0,0,0,500,0,0,0,0,0
828,7393,04/03/2021,125,0,0,700,0,600,0,0,0,0
829,7394,04/03/2021,258,0,0,700,0,600,0,0,0,0
831,7396,04/03/2021,248,0,0,400,0,600,0,0,0,0
832,7397,04/03/2021,268,0,0,400,0,600,0,0,0,0
839,7404,04/03/2021,293,0,300,1100,0,0,0,0,0,0
840,7405,04/03/2021,151,0,0,1100,0,500,0,0,0,0
841,7406,04/03/2021,316,0,1600,400,0,0,0,0,0,0
842,7407,04/03/2021,242,0,800,900,0,600,0,0,0,0
843,7408,04/03/2021,309,0,700,900,0,600,0,0,0,0
844,7409,04/03/2021,355,0,0,1350,0,250,0,0,0,0
845,7410,04/03/2021,356,0,0,1350,0,250,0,0,0,0
846,7411,04/03/2021,357,0,0,1350,0,250,0,0,0,0
836,7401,05/03/2021,119,0,0,0,0,850,0,0,0,0
847,7412,05/03/2021,88,0,200,0,0,0,0,200,100,0
848,7413,05/03/2021,209,0,500,0,0,0,0,0,0,0
849,7414,05/03/2021,195,0,1100,0,0,0,0,0,0,0
850,7415,05/03/2021,238,0,1900,700,0,600,0,0,0,0
851,7416,05/03/2021,362,0,0,200,0,100,0,0,0,0
852,7417,05/03/2021,295,0,1000,0,0,0,0,0,0,0
853,7418,05/03/2021,133,0,1000,0,0,0,0,0,0,0
854,7419,05/03/2021,84,0,600,0,0,0,0,0,0,0
855,7420,05/03/2021,266,0,800,700,0,0,0,0,0,0
856,7421,05/03/2021,113,0,950,0,0,0,0,0,0,50
857,7422,05/03/2021,323,0,0,600,0,600,0,0,0,0
858,7423,05/03/2021,329,0,0,400,0,600,0,0,0,0
1018,7585,05/03/2021,250,0,100,0,0,0,0,0,0,0
1024,7591,05/03/2021,124,0,1000,0,0,0,0,0,0,0
864,7430,06/03/2021,155,0,800,500,0,1200,0,0,0,0
894,7462,07/03/2021,243,0,0,100,0,900,0,0,0,0
859,7424,08/03/2021,153,0,2000,0,0,0,0,0,0,0
860,7425,08/03/2021,149,0,950,0,0,0,0,0,0,0
861,7426,08/03/2021,78,0,0,0,500,0,0,0,0,0
862,7427,08/03/2021,77,0,0,0,500,0,0,0,0,0
863,7428,08/03/2021,165,0,0,0,500,0,0,0,0,0
865,7431,08/03/2021,222,0,500,0,0,0,0,0,0,0
866,7432,08/03/2021,300,0,400,0,0,0,0,0,0,0
867,7433,08/03/2021,247,0,400,0,0,0,0,0,0,0
868,7434,08/03/2021,284,0,200,0,0,0,0,0,0,0
869,7435,08/03/2021,180,0,1000,0,0,0,0,0,0,0
870,7436,08/03/2021,186,0,400,0,0,0,0,0,0,0
871,7437,08/03/2021,170,0,900,900,0,600,0,0,0,0
872,7438,08/03/2021,130,0,500,0,0,0,0,0,0,0
873,7439,08/03/2021,333,0,100,1300,0,600,0,0,0,0
874,7440,08/03/2021,228,0,600,0,0,0,0,0,0,0
875,7441,08/03/2021,331,0,100,1300,0,600,0,0,0,0
876,7442,08/03/2021,184,0,500,0,0,0,0,0,0,0
877,7443,08/03/2021,148,0,1700,1800,600,900,0,0,0,0
878,7444,08/03/2021,210,0,800,0,0,0,0,0,0,0
879,7445,08/03/2021,381,0,400,0,0,0,0,0,0,0
880,7447,08/03/2021,90,0,0,0,0,0,110,150,0,0
881,7448,08/03/2021,209,0,0,400,0,100,0,0,0,0
882,7449,08/03/2021,137,0,0,650,0,0,0,0,0,0
883,7450,08/03/2021,96,0,1200,700,0,600,0,0,0,0
884,7452,08/03/2021,253,0,300,0,0,0,0,0,0,0
885,7453,08/03/2021,227,0,0,0,0,500,0,0,0,0
886,7454,08/03/2021,355,0,0,0,150,0,0,0,0,0
887,7455,08/03/2021,270,0,1300,700,0,600,0,0,0,0
888,7456,08/03/2021,252,0,500,0,0,0,0,0,0,0
889,7457,08/03/2021,179,0,300,700,0,0,0,0,0,0
890,7458,08/03/2021,362,0,0,100,100,0,0,0,0,0
891,7459,08/03/2021,157,0,0,800,0,1200,0,0,0,0
892,7460,08/03/2021,66,0,1000,0,0,0,0,0,0,0
893,7461,08/03/2021,380,0,0,800,0,0,0,0,0,0
895,7463,08/03/2021,98,0,100,1100,0,600,0,0,0,0
898,7468,08/03/2021,80,0,1400,800,0,600,0,0,0,0
899,7470,08/03/2021,196,0,100,1100,0,600,0,0,0,0
900,7471,08/03/2021,196,0,2500,1100,0,600,200,200,100,0
901,7472,08/03/2021,98,0,2500,1100,0,600,200,200,100,0
902,7473,08/03/2021,194,0,0,400,0,600,0,0,0,0
903,7474,08/03/2021,234,0,200,0,0,0,0,0,0,0
904,7476,08/03/2021,304,0,0,700,0,600,0,0,0,0
905,7477,08/03/2021,346,0,0,600,0,600,0,0,0,0
906,7478,08/03/2021,171,0,0,800,0,1200,0,0,0,0
932,7502,08/03/2021,257,0,1000,0,0,0,0,0,0,0
933,7503,08/03/2021,387,0,0,700,0,600,0,0,0,0
1000,7569,08/03/2021,60,0,0,0,0,600,0,0,0,0
907,7479,09/03/2021,187,0,900,0,0,1200,200,200,0,0
908,7480,09/03/2021,97,0,1900,0,0,600,0,0,0,0
909,7481,09/03/2021,209,0,200,300,0,0,0,0,0,0
910,7482,09/03/2021,215,0,300,0,0,0,0,0,0,0
911,7483,09/03/2021,106,0,700,0,0,0,0,0,0,0
912,7484,09/03/2021,88,0,300,0,0,0,200,0,0,0
913,7485,09/03/2021,318,0,500,0,0,0,0,0,0,0
914,7486,09/03/2021,219,0,1300,700,0,0,0,0,0,0
915,7487,09/03/2021,287,0,1000,900,0,600,0,0,0,0
916,7488,09/03/2021,288,0,500,900,0,600,0,0,0,0
917,7489,09/03/2021,340,0,200,0,0,0,0,0,0,0
918,7490,09/03/2021,279,0,600,1800,0,600,0,0,0,0
919,7491,09/03/2021,93,0,600,0,0,0,0,0,0,0
923,7492,09/03/2021,325,0,250,0,0,0,0,0,0,0
924,7493,09/03/2021,205,0,250,110,0,600,0,0,0,50
925,7494,09/03/2021,373,0,0,800,0,1200,0,0,0,0
926,7495,09/03/2021,132,0,1100,0,0,600,0,0,0,0
927,7496,09/03/2021,147,0,800,86,0,0,0,0,0,0
928,7497,09/03/2021,383,0,700,84,0,0,0,0,0,0
929,7498,09/03/2021,62,0,0,0,0,0,0,200,100,0
934,7504,09/03/2021,336,0,950,900,0,600,0,0,0,0
935,7505,09/03/2021,117,0,0,400,0,600,0,0,0,0
936,7506,09/03/2021,164,0,0,650,0,600,200,0,50,0
937,7507,09/03/2021,290,0,500,0,0,0,0,0,0,0
938,7508,09/03/2021,349,0,500,0,0,0,0,0,0,0
939,7509,09/03/2021,237,0,100,1300,0,600,0,0,0,0
940,7511,09/03/2021,162,0,2000,900,0,600,0,0,0,0
941,7512,09/03/2021,191,0,1000,0,0,0,200,200,100,0
942,7513,09/03/2021,99,0,1300,0,0,0,200,0,0,0
930,7499,10/03/2021,95,0,700,0,0,0,0,0,0,0
931,7501,10/03/2021,339,0,100,900,0,0,0,0,0,0
943,7514,10/03/2021,209,0,500,0,0,0,0,0,0,0
944,7515,10/03/2021,234,0,450,0,0,0,0,0,0,0
945,7516,10/03/2021,395,0,0,900,0,150,0,0,0,0
946,7517,10/03/2021,212,0,100,800,0,600,0,0,0,0
947,7518,10/03/2021,87,0,100,900,0,600,0,0,0,0
948,7519,10/03/2021,394,0,0,400,0,900,200,200,300,0
975,7544,10/03/2021,66,0,0,600,0,600,0,0,0,0
949,7520,11/03/2021,209,0,1400,0,0,0,0,0,0,0
950,7521,11/03/2021,106,0,500,0,0,0,0,200,0,0
951,7522,11/03/2021,75,0,500,0,0,0,0,0,0,0
952,7523,11/03/2021,328,0,0,400,0,600,0,0,0,0
953,7524,11/03/2021,59,0,1000,0,0,0,0,0,0,0
954,7525,11/03/2021,326,0,500,0,0,0,0,0,0,0
955,7526,11/03/2021,324,0,500,0,0,0,0,0,0,0
968,7537,11/03/2021,174,0,700,0,0,0,0,0,0,0
969,7538,11/03/2021,134,0,900,0,0,600,0,0,0,0
970,7539,11/03/2021,83,0,900,0,0,600,0,0,0,0
971,7540,11/03/2021,63,0,1800,1100,0,600,0,0,0,0
972,7541,11/03/2021,244,0,200,2200,0,600,0,0,0,0
973,7542,11/03/2021,221,0,800,0,0,0,0,0,0,0
1013,7579,11/03/2021,380,0,500,1100,0,0,0,0,0,0
956,7527,12/03/2021,213,0,1050,100,150,0,0,0,0,0
957,7528,12/03/2021,185,0,1350,1000,150,0,0,0,0,0
958,7529,15/03/2021,69,0,300,0,0,0,0,0,0,0
959,7530,15/03/2021,116,0,1250,0,0,0,0,0,0,0
960,7531,15/03/2021,102,0,1250,0,0,0,0,0,0,0
961,7532,15/03/2021,227,0,0,200,0,100,0,0,0,0
962,7533,15/03/2021,294,0,900,0,0,600,0,0,0,0
963,7534,15/03/2021,89,0,750,0,0,0,0,0,50,0
966,7535,15/03/2021,177,0,0,0,0,500,0,0,0,0
967,7536,15/03/2021,316,0,500,0,0,0,0,0,0,0
974,7543,15/03/2021,288,0,100,900,0,0,0,0,0,0
976,7545,15/03/2021,66,0,800,1200,0,0,0,0,0,0
977,7546,15/03/2021,205,0,0,400,0,600,0,0,0,0
978,7547,15/03/2021,71,0,600,0,0,0,0,0,0,0
979,7548,15/03/2021,63,0,1050,0,0,0,0,0,0,0
980,7549,15/03/2021,244,0,1100,0,0,0,0,0,0,0
981,7550,15/03/2021,63,0,0,0,0,0,0,0,0,600
1008,7574,15/03/2021,235,0,1800,500,0,600,0,0,0,0
1015,7582,15/03/2021,155,0,1900,500,0,600,0,0,100,0
982,7551,16/03/2021,95,0,1800,0,0,0,0,0,0,0
983,7552,16/03/2021,117,0,500,500,0,0,0,0,0,0
984,7553,16/03/2021,331,0,500,1000,0,0,0,0,0,0
985,7554,16/03/2021,333,0,500,1000,0,0,0,0,0,0
989,7558,16/03/2021,65,0,0,300,0,1200,0,0,0,0
986,7555,17/03/2021,284,0,600,0,0,0,0,0,0,0
987,7556,17/03/2021,296,0,0,0,0,600,0,0,0,0
988,7557,17/03/2021,254,0,1100,100,0,0,0,0,0,0
990,7559,17/03/2021,300,0,300,0,0,0,0,0,0,0
991,7560,17/03/2021,247,0,300,0,0,0,0,0,0,0
992,7561,18/03/2021,179,0,1550,0,0,0,0,0,0,0
993,7562,18/03/2021,390,0,1000,0,0,0,0,0,0,0
994,7563,18/03/2021,175,0,0,100,0,0,0,0,0,0
995,7564,18/03/2021,280,0,400,0,0,100,0,0,0,0
996,7565,18/03/2021,176,0,200,0,0,0,200,200,100,0
997,7566,18/03/2021,386,0,0,700,0,0,0,0,0,0
998,7567,18/03/2021,150,0,650,0,0,0,0,0,0,0
999,7568,18/03/2021,170,0,300,0,0,0,0,0,0,0
1001,7570,18/03/2021,60,0,0,0,0,0,0,0,0,600
1002,7571,18/03/2021,352,0,100,0,0,0,0,0,0,0
1006,7572,18/03/2021,350,0,750,0,0,0,0,0,0,0
1007,7573,18/03/2021,66,0,1000,0,0,0,0,0,0,0
1009,7575,18/03/2021,81,0,0,0,0,0,0,0,0,200
1010,7576,18/03/2021,324,0,400,0,0,0,0,0,0,0
1011,7577,18/03/2021,89,0,50,0,0,0,0,0,0,0
1012,7578,18/03/2021,125,0,500,0,0,0,0,0,0,0
1014,7580,18/03/2021,380,0,1100,0,0,0,0,0,0,0
1016,7583,18/03/2021,286,0,800,1000,0,600,0,0,0,0
1017,7584,18/03/2021,225,0,0,1100,0,600,0,0,0,0
1019,7586,18/03/2021,192,0,2700,3300,0,1800,200,200,100,0
1020,7587,18/03/2021,192,0,1200,0,0,0,0,0,0,0
1021,7588,22/03/2021,195,0,1000,0,0,0,0,0,0,0
1022,7589,22/03/2021,87,0,2700,0,0,0,0,0,0,0
1023,7590,22/03/2021,87,0,0,0,0,0,0,0,0,300
1025,7592,22/03/2021,117,0,500,0,0,0,0,0,0,0
1027,7594,23/03/2021,71,0,0,0,0,0,0,0,0,300
1028,7595,23/03/2021,361,0,750,0,0,0,0,0,0,0
1026,7593,26/03/2021,86,0,0,0,0,0,0,0,0,500
1049,7616,05/05/2021,550,0,2100,3300,0,1800,200,200,100,0
1050,7617,07/05/2021,673,0,1650,2700,0,1800,200,200,100,0
1029,7596,10/05/2021,635,0,600,900,0,600,0,0,0,0
1030,7597,10/05/2021,189,0,1200,900,0,600,0,0,0,0
1031,7598,10/05/2021,481,0,600,0,0,0,0,0,0,0
1032,7599,10/05/2021,475,0,3000,900,0,600,200,200,100,0
1033,7600,10/05/2021,657,0,1200,1100,0,600,0,0,100,0
1046,7613,10/05/2021,447,0,0,900,0,600,200,200,100,0
1053,7622,10/05/2021,648,0,2100,1100,0,600,200,200,100,0
1054,7623,10/05/2021,479,0,3400,1100,0,600,200,200,100,0
1055,7624,10/05/2021,585,0,600,1100,0,600,200,200,100,0
1056,7625,10/05/2021,413,0,200,1100,0,600,200,200,100,0
1058,7627,10/05/2021,663,0,3100,2700,0,1800,200,200,100,0
1060,7629,10/05/2021,551,0,1000,900,0,600,200,200,100,0
1061,7630,10/05/2021,470,0,1300,900,0,600,200,200,100,0
1034,7601,11/05/2021,509,0,2000,0,0,600,200,200,100,0
1035,7602,11/05/2021,580,0,2100,0,0,1800,200,200,100,0
1036,7603,11/05/2021,535,0,1500,0,0,600,200,200,100,0
1037,7604,11/05/2021,502,0,0,900,0,600,200,200,100,0
1038,7605,11/05/2021,430,0,500,0,0,0,200,200,100,0
1039,7606,11/05/2021,518,0,1000,0,0,0,0,0,0,0
1040,7607,11/05/2021,120,0,500,0,0,0,200,200,100,0
1041,7608,11/05/2021,571,0,2000,0,0,0,0,0,0,0
1042,7609,11/05/2021,676,500,0,600,1400,0,0,0,0,250
1043,7610,11/05/2021,610,0,500,0,0,0,200,200,100,0
1044,7611,11/05/2021,609,0,500,0,0,0,200,200,100,0
1045,7612,11/05/2021,662,0,100,900,0,0,200,200,100,0
1047,7614,11/05/2021,420,0,600,0,0,0,0,0,0,0
1048,7615,11/05/2021,416,0,2000,900,0,600,200,200,100,0
1051,7620,11/05/2021,471,0,1900,1400,0,1200,200,200,100,0
1052,7621,11/05/2021,602,0,1900,1400,0,1200,200,200,100,50
1057,7626,11/05/2021,622,0,0,0,0,0,200,200,100,0
1059,7628,11/05/2021,607,0,500,0,0,0,0,0,0,0
1062,7631,11/05/2021,459,0,5000,0,0,0,0,0,0,0
1063,7632,11/05/2021,442,0,5000,0,0,0,0,0,0,0
1064,7633,11/05/2021,497,0,500,1000,0,600,200,200,100,0
1065,7634,11/05/2021,486,0,1300,0,0,0,0,0,0,0
1066,7635,11/05/2021,631,0,700,0,0,0,0,0,0,0
1067,7636,11/05/2021,499,0,4000,0,0,0,0,0,0,0
1068,7637,11/05/2021,495,0,0,900,0,600,200,200,100,0
1069,7638,11/05/2021,572,0,1050,0,0,0,0,0,50,0
1070,7639,11/05/2021,620,0,0,500,0,600,0,0,100,0
1071,7640,11/05/2021,675,500,0,0,500,0,0,0,0,0
1096,7665,11/05/2021,583,0,1500,0,0,0,0,0,0,0
1097,7666,11/05/2021,658,0,1500,0,0,0,0,0,0,0
1072,7641,12/05/2021,534,0,200,0,0,600,200,200,100,0
1073,7642,12/05/2021,601,0,0,0,400,0,0,0,0,0
1074,7643,12/05/2021,429,0,700,700,0,600,200,200,100,0
1075,7644,12/05/2021,453,0,2700,700,0,600,200,200,100,0
1076,7645,12/05/2021,595,0,2100,700,0,600,200,200,100,0
1077,7646,12/05/2021,677,500,2100,1400,2100,150,0,200,200,250
1078,7647,12/05/2021,677,0,0,0,300,0,0,0,0,0
1079,7648,12/05/2021,528,0,1200,0,0,0,0,0,0,0
1080,7649,12/05/2021,494,0,1900,0,0,0,0,0,0,0
1081,7650,12/05/2021,434,0,1100,0,0,0,0,0,0,0
1082,7651,12/05/2021,538,0,0,0,700,0,0,0,0,0
1098,7667,12/05/2021,506,0,1000,900,0,600,200,200,100,0
1099,7668,12/05/2021,569,0,2100,3300,0,1800,200,200,100,0
1083,7652,13/05/2021,565,0,500,0,0,0,200,200,100,0
1084,7653,13/05/2021,530,0,1200,700,0,600,200,200,100,0
1085,7654,13/05/2021,638,0,1200,700,0,600,200,200,100,0
1086,7655,13/05/2021,537,0,2000,900,0,600,200,200,100,0
1087,7656,13/05/2021,411,0,1600,0,0,600,200,500,100,0
1088,7657,13/05/2021,451,0,800,1100,0,600,200,200,100,0
1089,7658,13/05/2021,540,0,800,1100,700,600,200,200,100,0
1090,7659,13/05/2021,588,0,2600,1300,0,600,200,200,100,0
1091,7660,13/05/2021,603,0,2600,1300,0,600,200,200,100,0
1092,7661,13/05/2021,637,0,2500,900,0,600,200,200,100,0
1093,7662,13/05/2021,590,0,800,700,0,0,200,200,100,0
1094,7663,13/05/2021,612,0,2100,1800,0,600,200,200,100,0
1095,7664,13/05/2021,656,0,200,700,0,600,200,200,100,0
1100,7670,13/05/2021,659,0,2100,0,0,0,200,200,100,0
1101,7676,17/05/2021,529,0,450,0,0,0,200,200,100,0
1102,7677,17/05/2021,579,0,1050,0,0,0,200,200,100,0
1103,7678,17/05/2021,538,0,300,0,0,0,200,200,100,0
1104,7679,17/05/2021,554,0,500,0,0,0,200,200,100,0
1105,7680,17/05/2021,627,0,0,0,0,0,0,200,0,0
1106,7681,17/05/2021,587,0,0,0,0,0,0,200,0,0
1107,7682,17/05/2021,666,0,300,0,0,0,0,0,50,0
1108,7683,17/05/2021,680,500,0,0,500,0,0,0,0,0
1109,7684,17/05/2021,512,0,900,0,0,0,200,200,100,0
1110,7685,17/05/2021,623,0,0,0,0,500,200,200,100,0
1111,7686,17/05/2021,422,0,1700,900,0,600,200,200,100,0
1112,7687,17/05/2021,487,0,0,700,0,0,0,0,0,0
1113,7688,17/05/2021,511,0,1300,700,0,0,200,200,100,0
1114,7689,17/05/2021,626,0,0,900,0,600,200,200,100,0
1115,7690,17/05/2021,480,0,500,700,0,0,200,200,100,0
1116,7691,17/05/2021,567,0,0,0,0,500,200,200,100,0
1117,7692,17/05/2021,649,0,1000,1100,0,0,200,200,100,0
1118,7693,17/05/2021,679,500,550,1100,1100,300,200,200,100,250
1119,7694,17/05/2021,484,0,2400,0,700,100,200,200,100,0
1120,7695,17/05/2021,452,0,2000,0,0,0,0,0,0,0
1121,7696,18/05/2021,434,0,1000,0,0,0,0,0,0,0
1122,7697,18/05/2021,494,0,1000,0,0,0,0,0,0,0
1123,7698,18/05/2021,669,0,500,0,0,0,200,200,100,0
1124,7699,18/05/2021,532,0,500,0,0,0,200,200,100,0
1125,7700,18/05/2021,491,0,2700,0,0,1800,200,200,100,0
